Profile ID,Account Name,Region,Country Code
3327926123185661,Gresbond by Kajaria — BR — BRL,NA,BR
2021853942333200,shoprythm — CA — CAD,NA,CA
608911450410417,make your own cosmetics — CA — CAD,NA,CA
2757115453643927,Gresbond by Kajaria — CA — CAD,NA,CA
201334292998879,make your own cosmetics — MX — MXN,NA,MX
1664021077206203,shoprythm — MX — MXN,NA,MX
1575686757947806,Gresbond by Kajaria — MX — MXN,NA,MX
1635579834460007,shoprythm — US — USD,NA,US
732401812423825,make your own cosmetics — US — USD,NA,US
3388765377025893,Gresbond by Kajaria — US — USD,NA,US
4091324402465426,24x7healthstore — IE — EUR,EU,IE
1224985433725249,make your cosmetics — IE — EUR,EU,IE
1410698151005381,Gresbond by Kajaria — IE — EUR,EU,IE
2377676419460395,make your cosmetics — BE — EUR,EU,BE
3928680831551348,24x7healthstore — BE — EUR,EU,BE
973313703211787,Gresbond by Kajaria — BE — EUR,EU,BE
1935537341604154,BrandCatalyst — SA — SAR,EU,SA
4186777802836691,make your cosmetics — SA — SAR,EU,SA
1933229547579669,Nature at its best — SA — SAR,EU,SA
2948237130974181,Gresbond by Kajaria — SA — SAR,EU,SA
3455116644766365,BrandCatalyst LLC FZ — SA — SAR,EU,SA
1637118023001259,make your cosmetics — UK — GBP,EU,UK
2518225014611899,24x7healthstore — UK — GBP,EU,UK
2651537577481187,Gresbond by Kajaria — UK — GBP,EU,UK
1570604680452461,Nature at its best — AE — AED,EU,AE
3861401883761532,make your cosmetics — AE — AED,EU,AE
90040286226644,BrandCatalyst — AE — AED,EU,AE
3826827834744674,Gresbond by Kajaria — AE — AED,EU,AE
3296051305333417,Nu Republic — AE — AED,EU,AE
618395045557691,BrandCatalyst LLC FZ — AE — AED,EU,AE
270811494859502,make your cosmetics — IT — EUR,EU,IT
549072308192620,24x7healthstore — IT — EUR,EU,IT
93279057429771,Gresbond by Kajaria — IT — EUR,EU,IT
3005990333552678,Gresbond by Kajaria — EG — EGP,EU,EG
886195925966711,make your cosmetics — SE — SEK,EU,SE
4332279647305374,24x7healthstore — SE — SEK,EU,SE
1606704240635757,Gresbond by Kajaria — SE — SEK,EU,SE
3277820698544266,Gresbond by Kajaria — ZA — ZAR,EU,ZA
2691826697318053,24x7healthstore — PL — PLN,EU,PL
661750269937603,make your cosmetics — PL — PLN,EU,PL
1895177562938273,Gresbond by Kajaria — PL — PLN,EU,PL
1477637805744875,make your cosmetics — FR — EUR,EU,FR
1953975251726945,24x7healthstore — FR — EUR,EU,FR
1785327148627814,Gresbond by Kajaria — FR — EUR,EU,FR
3530520476303709,24x7healthstore — TR — TRY,EU,TR
2958437050181551,Gresbond by Kajaria — TR — TRY,EU,TR
2989591661854298,24x7healthstore — NL — EUR,EU,NL
3776654524483754,make your cosmetics — NL — EUR,EU,NL
3601865414197366,Gresbond by Kajaria — NL — EUR,EU,NL
607440983393173,wet & dry Group — IN — INR,EU,IN
1746985433844734,Rishabh-Industries — IN — INR,EU,IN
432847324255087,Hongkong Bazaar — IN — INR,EU,IN
3388344977801530,AAYURVEDYA — IN — INR,EU,IN
3678477813875487,MEDCHAIN INNOVATION PRIVATE LIMITED — IN — INR,EU,IN
1298894143810275,Mother & Baby Care Inc. — IN — INR,EU,IN
307042255535315,24X7healthstore — IN — INR,EU,IN
285616867938851,Smart Saver India — IN — INR,EU,IN
2357489276175868,Gresbond by Kajaria — IN — INR,EU,IN
96980978307557,Waterman — IN — INR,EU,IN
3701851080047543,Story@Home — IN — INR,EU,IN
1092179981359435,Little Angel — IN — INR,EU,IN
1420957209508026,TRAMONTINA INDIA — IN — INR,EU,IN
3674473003505129,Luxor Schneider — IN — INR,EU,IN
3062611892389837,Bedspun — IN — INR,EU,IN
4135129952481636,PAVO — IN — INR,EU,IN
946708697091290,Parker — IN — INR,EU,IN
2647177665478349,Wet and Dry Amazon Ads — IN — INR,EU,IN
468808880407528,Nu Republic — IN — INR,EU,IN
2148594764536585,Liberty — IN — INR,EU,IN
2624850316510917,Luxor — IN — INR,EU,IN
1393415893381154,make your cosmetics — ES — EUR,EU,ES
1501723687566511,24x7healthstore — ES — EUR,EU,ES
3354531273517392,Gresbond by Kajaria — ES — EUR,EU,ES
2919124845254853,24x7healthstore — DE — EUR,EU,DE
1789731618746553,make your cosmetics — DE — EUR,EU,DE
2158179662694434,Gresbond by Kajaria — DE — EUR,EU,DE
4419211141760801,wowoils — AU — AUD,FE,AU
3319431152430681,Gresbond by Kajaria — AU — AUD,FE,AU
1487089518739899,healthify1 — JP — JPY,FE,JP
804005125271982,ekomasu shoppee — JP — JPY,FE,JP
1815524819552300,Gresbond by Kajaria — JP — JPY,FE,JP
2591189882033002,BrandCatalyst — SG — SGD,FE,SG
1965435142117593,shoprythm — SG — SGD,FE,SG
3461635689628505,Gresbond by Kajaria — SG — SGD,FE,SG
