Asins,Ranges,Subcat
B0D28WYDTS,Aeion,Casserole
B0D28MHY5M,Aeion,Casserole
B0D28FMVTQ,Aeion,Casserole
B0DCZ2TG3Y,Aeion,Deep Kadai
B0DCZ7V7B1,Aeion,Deep Kadai
B0DCZ7TTSG,Aeion,Deep Kadai
B0DCZ8Q28S,Aeion,Deep Kadai
B0DCZ34XD1,Aeion,Deep Kadai
B0DCZ6ZBCJ,Aeion,Deep Kadai
B0DCZ15VH9,Aeion,Deep Kadai
B0DCZ7VFDM,Aeion,Deep Kadai
B0D28TF7J3,Aeion,Fry Pan
B0D28RFBHJ,Aeion,Fry Pan
B011IUJ9FC,Aeion,Fry Pan
B0D28Z5ZXJ,Aeion,Kadhai
B0D28WZRL3,Aeion,Kadhai
B0D28FSGBF,Aeion,Kadhai
B0D295XB26,Aeion,Kadhai
B0D28VFM74,Aeion,Sauce Pan
B0D28KSCX3,Aeion,Sauce Pan
B0D293RG4D,Aeion,Sauce Pan
B0D28TPGP3,Aeion,Saute Pan
B0D28W8QVL,Aeion,Tadka Pan
B0DCZD5B9R,Aeion,Tasla
B0DCZCG28N,Aeion,Tasla
B0DCZCQJZF,Aeion,Tasla
B0DCZCDYNH,Aeion,Tasla
B0DCZCLBBB,Aeion,Tasla
B0D28H9M4Y,Aeion,Tope
B0D28N4V92,Aeion,Tope
B0D29836ZN,Aeion,Tope
B0D28VZ1RM,Aeion,Tope
B0D28K3M71,Aeion,Tope
B0D297TQX7,Aeion,Wok
B0DG5VB3G2,Aeion +,Pressure Cooker
B0DJNP6CG4,Aeion +,Pressure Cooker
B0DG8M5YBH,Aeion +,Pressure Pan
B0DJNMPTT2,Aeion +,Pressure Cooker
B0DG8LBTL6,Aeion +,Pressure Pan
B0FCBRHBJ2,Aero,Outer Lid
B0FCBVCQ2J,Aero,Outer Lid
B0FCC6MKFC,Aero,Outer Lid
B0FCBXMJVB,Aero,Outer Lid
B0FCBYKK2P,Aero,Outer Lid
B0FL85FJS9,Aura,Cookware Set
B0FL84T3P7,Aura,Cookware Set
B0FL63WZSQ,Aura,Cookware Set
B0FL85J8KY,Aura,Cookware Set
B0FL846WS6,Aura,Cookware Set
B0FL861NJ4,Aura,Cookware Set
B0FL2S2GLL,Aura,Frypan
B0FL239Z4S,Aura,Frypan
B0FL2PFMDY,Aura,Frypan
B0FL2QH267,Aura,Frypan
B0FL2YWTMZ,Aura,Kadai
B0FL2QVXCW,Aura,Kadai
B0FL2YW59J,Aura,Kadai
B0FL2Q6TJW,Aura,Kadai
B0FL2XB1Y6,Aura,Kadai
B0FL2VDHS2,Aura,Kadai
B0FL2ZQKLN,Aura,Tawa
B0FL2ZK8X9,Aura,Tawa
B0FL2PB5RS,Aura,Tawa
B0FL2Q1CMB,Aura,Tawa
B00KQVABIY,Century,Chef
B01MUEETIQ,Century,Cleaver
B086YHQJS7,Century,Tomato
B00KQWAADE,Century,Utility
B00KQVXKZA,Century,Vegetable and Fruit
B071K8M9DF,Century,Kitchen
B00KQV7E0C,Century,Chef
B00KQVFAYO,Century,Santoku
B01NCYPVAA,Century,Fillet
B01MUDGCPP,Century,Peeling
B0FNQYRG57,Chroma,Set of 4
B0FNQZXYLK,Chroma,Set of 2
B0FNR17YDY,Chroma,Set of 4
B0FLD37MGH,Chroma,Tawa
B076JJM18X,Churasso,Fork Set
B076MB2FJ7,Dynamic,Knife
B0789MVX1Q,Dynamic,Steak Knife Set
B0777V7ZVT,Dynamic,Boning
B01JMV9RI8,Dynamic,Chef
B076MMDXDR,Dynamic,Butcher
B076M9122J,Dynamic,Butcher
B076M6WXQW,Dynamic,Butcher
B0777VXRLH,Dynamic,Butcher
B076MB2FJ7,Dynamic,Fish and Kitchen
B076M72CYM,Dynamic,Fish and Kitchen
B076M9JG1H,Dynamic,Vegetable and Fruit
B01JMV8OXW,Dynamic,Steak Knife
B015ZRH9E2,Dynamic,Chef
B076MFS66K,Dynamic,Cleaver
B0789LR774,Dynamic,Cleaver
B0F8PGWZSW,Felice,Set of 2
B0F8PR8T1P,Felice,Set of 2
B0F8PWBJ3J,Felice,Set of 2
B0DMFG3JKB,Fusao+,Dosa Tawa
B0DS2N41S5,Fusao+,Fry Pan
B0DMFFDHGL,Fusao+,Dosa Tawa
B0DS2HP4G3,Fusao+,Fry Pan
B0DS2GZ41X,Fusao+,Concave Tawa
B0DS5SF8L9,Fusao+,Sauce Pan
B0DS5DNVC4,Fusao+,Casserole
B0DS5K4JBH,Fusao+,Casserole
B0DS2K3HB1,Fusao+,Fry Pan
B0DS57SF13,Fusao+,Saute Pan
B0DS5M383J,Fusao+,Casserole
B0DS58K1F3,Fusao+,Kadai
B0DS5YZ7CF,Fusao+,Deep Kadai
B0DS64GS9P,Fusao+,Deep Kadai
B0DS59M8V1,Fusao+,Kadai
B0DS58KGZ7,Fusao+,Kadai
B0DS642ZF6,Fusao+,Deep Kadai
B0DS64X9C2,Fusao+,Deep Kadai
B0DS63X1RG,Fusao+,Deep Kadai
B0DS61W229,Fusao+,Deep Kadai
B0DS57BVPS,Fusao+,Kadai
B0DS5XRPKF,Fusao+,Deep Kadai
B0DS62S33R,Fusao+,Deep Kadai
B0DS5C7QZB,Fusao+,Grill Pan
B0DSVQH32B,Fusao+,Wok
B0G3PDS5KW,Fusao+,Dosa Tawa
B0G39GBX8D,Fusao+,Dosa Tawa
B0G39J6QGM,Fusao+,Dosa Tawa
B0GPFMV1TZ,Fusao+,Dosa Tawa
B0GPFQZBVZ,Fusao+,Dosa Tawa
B009HBKPD0,Global,
B078BF6P51,Plenus,Knife
B07ZG6DBFH,Plenus,"Set - Vegetable, Tomato, Fruit"
B076M9WHRM,Plenus,Knife
B076MH3HRD,Plenus,Knife
B076MBY18M,Plenus,Knife
B0D295WY6C,Plenus,Fruit Knife
B0789M4BMY,Plenus,Knife
B0FL2T75KP,Plenus,Knife
B0D28LRKJL,Plenus,Vegetable and Fruit Knife
B0D28VCJ8N,Plenus,Tomato Knife
B0CL7JNPND,Plenus,"Set - Wooden Block - Chef, Kitchen, Veg, Bread, Tomato"
B0B2YSLLW2,Plenus,Knife
B0FL2TQNV5,Plenus,Knife
B0D28WCWZP,Plenus,Chef Knife
B0789WDT3D,Plenus,Knife
B0D28VVK67,Plenus,Kitchen Knife
B076MKX8YF,Plenus,Knife
B076M64V9B,Plenus,"Set - Vegetable, Tomato, Kitchen"
B078B597TS,Plenus,Knife
B0D28HPDPQ,Plenus,Vegetable and Fruit Knife
B0789LTKWV,Plenus,Knife
B0D28HJTRT,Plenus,Kitchen Knife
B0D28HPDPS,Plenus,Kitchen Knife
B0789WG75F,Plenus,Knife
B076M81W5B,Plenus,Knife
B0789MJTBB,Plenus,Knife
B076MBFWYX,Plenus,Knife
B0D28HQNZR,Plenus,Cleaver Knife
B075HRSGMH,Plenus,Knife
B076M9M9D8,Plenus,Knife
B0D28XC1MS,Plenus,Cleaver Knife
B0D28NKL22,Plenus,Fruit Knife
B0D28VJGVY,Plenus,Tomato Knife
B0D28FT7TZ,Plenus,Chef Knife
B0D28NYHDD,Plenus,Knife Sharpener
B0FL2P1ZG9,Plenus,Knife
B076MLR7WT,Plenus,Knife
B0DFQ6N4FS,Plus Pan,Frypan
B0DFQ7K9H3,Plus Pan,Frypan
B0DFQ5W2D3,Plus Pan,Frypan
B0778BPMK7,Polywood,Cleaver Knife
B07784CK96,Polywood,Utility Knife
B076JKBKYD,Polywood,Bread Knife
B0789MT2L3,Polywood,Fruit Knife
B076M9JNZM,Polywood,Vegetable & Fruit Knife
B076JJ9RHQ,Polywood,Chef Knife
B00IYS8N7W,Premium,Utility
B076JKN486,Premium,Vegetable and Fruit
B015XKQBBI,Premium,Kitchen
B076JGZDXL,Premium,Kitchen
B076JKJF5H,Premium,Boning
B076JKLCDW,Premium,Butcher
B00PLBT9V4,Premium,Utility
B076JK9GVS,Premium,Kitchen
B076JHVSMJ,Premium,Chef
B0777TQQX5,Professional,Meat/Chef Knife
B0777TPD1X,Professional,Meat/Chef Knife
B01MSEYPDS,Professional,Meat/Chef Knife
B0772ST99X,Professional,Meat/Chef Knife
B07P6YLH8P,Professional,Meat/Chef Knife
B0777TQXN9,Professional,Meat/Chef Knife
B0772X8S13,Professional,Meat/Chef Knife
B0777VK14X,Professional,Meat/Chef Knife
B0777VG2Y6,Professional,Meat/Chef Knife
B01MYFW9W9,Professional,Meat/Chef Knife
B075J9ZLNY,Professional,Meat/Chef Knife
B0777W84RJ,Professional,Meat/Chef Knife
B0772TP22H,Professional,Meat/Chef Knife
B0777VBH4L,Professional,Meat/Chef Knife
B076M9CBSS,Professional,Grooved Sharpener
B00NEZ3W80,Professional,Meat/Chef Knife
B00NEZ3WI0,Professional,Meat/Chef Knife
B076MF5X31,Professional,Meat/Chef Knife
B076JKJRWQ,Professional,Sharpener
B0777TFP6Z,Professional,Meat/Chef Knife
B01N9ZF9UV,Professional,Meat/Chef Knife
B0F47ZH5LJ,Softta,Spatula
B0FCG42QY4,Softta,Whisk
B0F49CRSTP,Softta,Skimmer
B0FCG297S5,Softta,Spatula
B0FCG4K44T,Softta,Tong
B0FCFVP1FT,Softta,Turner
B0F3V9RXST,Softta,Brush
B0FCG2PXQY,Softta,Whisk
B0FCG2CNZF,Softta,Ladle
B0FCG19T1D,Softta,Skimmer
B0FCFTC7QX,Softta,Turner
B0F3XW6T5S,Softta,Brush
B0FCG1PJ68,Softta,Spoon
B07N1XXFPB,Softta,Ladle
B0F3TRHHTL,Softta,Spoon
B0GMWPYZPV,Softta,Kitchen Tools
B0GMW8841C,Softta,Kitchen Tools
B0D28VVKC7,Titanex,Concave Tawa/Roti Tawa
B0D28S4P3X,Titanex,Dosa Tawa
B0D28PC9VP,Titanex,Dosa Tawa
B0D293BM5G,Titanex,Dosa Tawa - twin handle
B0D28QLYG9,Titanex,Frypan
B0D28K2H6Z,Titanex,Frypan
B0D28F6GZN,Titanex,Frypan
B0D28VDQ8P,Titanex,Griddle
B0D28QQ2R5,Titanex,Grill Pan
B0D28HB3FM,Titanex,Iron Casserole
B0D28YRV38,Titanex,Iron Casserole
B0D28NY58M,Titanex,Iron Paniyarakkal
B0FDL776T6,Titanex,Iron Paniyarakkal
B0D29BB58Q,Titanex,Kadhai
B0D28PYMF5,Titanex,Kadhai
B0D291J35C,Titanex,Kadhai
B0D28W9DVM,Titanex,Kadhai
B0D28J2DVL,Tradicional,Fruit
B0D291KSMZ,Tradicional,Kitchen
B0D28WBQM7,Tradicional,Chef
B0D28G36F2,Tradicional,Cleaver
B0D28SWP88,Tradicional,Vegetable and Fruit
B076M9RHLZ,Tradicional,Fruit
B0G5PD79PC,Trash Can,Trash Can
B0G5PDW447,Trash Can,Trash Can
B0G5P9G8GX,Trash Can,Trash Can
B0G5P9VJ6D,Trash Can,Trash Can
B0G5PYYFF5,Trash Can,Trash Can
B0G5PMLX2Z,Trash Can,Trash Can
B0G5PXPZ5B,Trash Can,Trash Can
B0GMH7CM28,Trash Can,Trash Can
B076JKKP8P,Ultracorte,Utility Knife
B00NF1KV00,Ultracorte,Fruit Knife
B07PKR57RB,Ultracorte,Tomato Knife
B00PLBW2FO,Ultracorte,Cleaver Knife
B00PLBVA0W,Ultracorte,Vegetable and Fruit Knife
B076JJMP8T,Ultracorte,Bread Knife
B00PLBVRXW,Ultracorte,Chef Knife
B08BCPYVRR,Ultracorte,Cheese Knife
B000WVXA22,Ultracorte,"Set - Vegetable, Fruit, Kitchen"
B076JL9HB2,Utilita,Potato Peeler
B00PLCZRJQ,Utilita,Whisk
B01MXHUD08,Utilita,Peeler
B00PLCZFBQ,Utilita,Kitchen Tools
B00PLCZK0C,Utilita,Lemon Grater
B076JLGLSX,Utilita,Grater
B076JKX756,Utilita,Grater
B08BCPW65P,Utilita,Kitchen Tools
B076JJ5S6T,Utilita,Masher
B076JLDP42,Utilita,Cheese Cutter
B00PLCZUEI,Utilita,Spatula
B01MXHVKP0,Utilita,Kitchen Tools
B00PLD04RA,Utilita,Kitchen Tools
B01N0ADZ7Z,Utilita,Grater
B06VSQ26ZD,Utilita,Kitchen Tools
B076JLJ1LS,Utilita,Cake Server
B00PLCZZGQ,Utilita,Ladle
B00PLD01YG,Utilita,Kitchen Tools
B00PLCZOWQ,Utilita,Spatula
B00PLCZX7W,Utilita,Kitchen Tools
B01N4VUCB3,Utilita,Lemon Grater
B076JGVV2W,Utilita,Mellon Baller
B076JJMP9M,Utilita,Kitchen Tools
B076JHXXF6,Utilita,Carving Fork
B076JJX9BZ,Utilita,Cutter
B076JKP14G,Utilita,Can Opener
B076JLBVL8,Utilita,Pizza Saptula
B0F9P18FS8,Velo,Saucepan
B0F9P2RNJK,Velo,Frypan
B0F9P1MZYS,Velo,Casserole
B0F9P18JR5,Velo,Kadai
B0F9NZVCB2,Velo,Kadai
B0F9P4FG11,Velo,Kadai
B0F9P2TFMC,Velo,Kadai
B0F9P32KNR,Velo,Dosa Tawa
B0F9P4Z43Z,Velo,Dosa Tawa
B0F9P39X6S,Velo,Concave Tawa
B0F9P2WJVQ,Velo,Frypan
B0F9P269Q3,Velo,Frypan
B0F9P4B5RQ,Velo,Saucepan
B0F9P17TX9,Velo,Frypan
B0F9P4P7RV,Velo,Casserole
B0F9P55BY5,Velo,Kadai
B0F9P6H58K,Velo,Kadai
B0F9P2TC5G,Velo,Kadai
B0F9P2BGMF,Velo,Kadai
B0F9P1WY85,Velo,Dosa Tawa
B0F9P345D8,Velo,Dosa Tawa
B0F9P221QS,Velo,Concave Tawa
B0DRRNCRRY,Bestow,Braiser
B009HBJI38,Bestow,Braiser
B009HBJU9U,Bestow,Braiser
B0GD1K87YX,Bestow,Oval Casserole
B009HBJNX8,Bestow,Oval Casserole
B009HBK0U8,Bestow,Oval Casserole
B0GD1TTTYT,Bestow,Oval Casserole
B009HBJOPU,Bestow,Oval Casserole
B009HBK1E8,Bestow,Oval Casserole
B0GD223W25,Bestow,Casserole
B009HBJLSA,Bestow,Casserole
B009HBJXYM,Bestow,Casserole
B0DRRLXTJX,Bestow,Casserole
B009HBJMK2,Bestow,Casserole
B009HBJYLO,Bestow,Casserole
B0GD1TB3SZ,Bestow,Casserole
B009HBJNCY,Bestow,Casserole
B009HBJZPO,Bestow,Casserole
B0GH1F96W7,Bestow,Fry Pan
B0GH1LF9JR,Bestow,Fry Pan
B0GH1MGJ8S,Bestow,Fry Pan
B0GH1W7J6B,Bestow,Fry Pan
B0GH1WWFMH,Bestow,Fry Pan
B0GH6M84F4,Bestow,Fry Pan
